{"cameraMode":{"drawMode":0,"name":"Shaded","section":"Shading Mode"},"sceneLighting":true,"audioPlay":false,"sceneViewState":{"m_AlwaysRefresh":false,"showFog":true,"showSkybox":true,"showFlares":true,"showImageEffects":true,"showParticleSystems":true,"showVisualEffectGraphs":true,"m_FxEnabled":true},"in2DMode":false,"pivot":{"x":13.078473091125489,"y":4.038568019866943,"z":213.08152770996095},"rotation":{"x":-0.01533812191337347,"y":0.6427007913589478,"z":0.012996669858694077,"w":0.7659914493560791},"size":10.449999809265137,"orthographic":false}